id,description,code
262,Stress Test,PR0262
1377,CT Scan of the Abdomen,PR1377
1691,Kidney Function Test,PR1691
1212,Stress Test,PR1212
85,Basic Metabolic Panel,PR0085
948,Abdominal Ultrasound,PR0948
294,Kidney Function Test,PR0294
704,Complete Blood Count (CBC),PR0704
1719,Chest X-Ray,PR1719
1862,Abdominal Ultrasound,PR1862
65,Thyroid Function Test,PR0065
470,Kidney Function Test,PR0470
1883,Electrocardiogram (ECG),PR1883
136,Liver Function Test,PR0136
7,MRI of the Brain,PR0007
1569,Complete Blood Count (CBC),PR1569
1649,Stress Test,PR1649
1813,Electrocardiogram (ECG),PR1813
980,Chest X-Ray,PR0980
359,MRI of the Brain,PR0359
1708,Thyroid Function Test,PR1708
127,Basic Metabolic Panel,PR0127
688,Chest X-Ray,PR0688
1724,CT Scan of the Abdomen,PR1724
929,Stress Test,PR0929
959,Thyroid Function Test,PR0959
1892,Chest X-Ray,PR1892
402,MRI of the Brain,PR0402
796,Stress Test,PR0796
1729,Chest X-Ray,PR1729
1579,Kidney Function Test,PR1579
1222,Liver Function Test,PR1222
277,Thyroid Function Test,PR0277
1165,CT Scan of the Abdomen,PR1165
1453,MRI of the Brain,PR1453
1216,MRI of the Brain,PR1216
1337,Chest X-Ray,PR1337
1376,Thyroid Function Test,PR1376
827,Liver Function Test,PR0827
1995,Electrocardiogram (ECG),PR1995
23,Lipid Panel,PR0023
1224,Electrocardiogram (ECG),PR1224
1510,Lipid Panel,PR1510
392,Electrocardiogram (ECG),PR0392
1276,Electrocardiogram (ECG),PR1276
1996,Kidney Function Test,PR1996
90,Lipid Panel,PR0090
738,Electrocardiogram (ECG),PR0738
1760,Basic Metabolic Panel,PR1760
1725,Chest X-Ray,PR1725
763,Kidney Function Test,PR0763
700,Liver Function Test,PR0700
1047,Stress Test,PR1047
486,Chest X-Ray,PR0486
1805,Complete Blood Count (CBC),PR1805
399,MRI of the Brain,PR0399
1317,Liver Function Test,PR1317
1816,Lipid Panel,PR1816
949,Stress Test,PR0949
1564,Basic Metabolic Panel,PR1564
1879,Basic Metabolic Panel,PR1879
808,Lipid Panel,PR0808
1119,Complete Blood Count (CBC),PR1119
1865,Lipid Panel,PR1865
1303,Liver Function Test,PR1303
1152,Abdominal Ultrasound,PR1152
1636,Abdominal Ultrasound,PR1636
978,Abdominal Ultrasound,PR0978
267,Basic Metabolic Panel,PR0267
1728,MRI of the Brain,PR1728
1866,CT Scan of the Abdomen,PR1866
1354,Stress Test,PR1354
954,Complete Blood Count (CBC),PR0954
101,Chest X-Ray,PR0101
1614,Abdominal Ultrasound,PR1614
910,CT Scan of the Abdomen,PR0910
107,Thyroid Function Test,PR0107
123,Thyroid Function Test,PR0123
1020,CT Scan of the Abdomen,PR1020
121,Basic Metabolic Panel,PR0121
1323,CT Scan of the Abdomen,PR1323
686,CT Scan of the Abdomen,PR0686
521,Basic Metabolic Panel,PR0521
69,Electrocardiogram (ECG),PR0069
1915,CT Scan of the Abdomen,PR1915
414,Stress Test,PR0414
1022,Lipid Panel,PR1022
886,Lipid Panel,PR0886
875,Basic Metabolic Panel,PR0875
1660,Electrocardiogram (ECG),PR1660
625,Chest X-Ray,PR0625
114,Stress Test,PR0114
913,Stress Test,PR0913
1772,Stress Test,PR1772
1131,Basic Metabolic Panel,PR1131
427,MRI of the Brain,PR0427
1241,Kidney Function Test,PR1241
1908,MRI of the Brain,PR1908
1688,Kidney Function Test,PR1688
1980,Complete Blood Count (CBC),PR1980
1698,Complete Blood Count (CBC),PR1698
1228,Abdominal Ultrasound,PR1228
1247,Lipid Panel,PR1247
1758,CT Scan of the Abdomen,PR1758
1253,Electrocardiogram (ECG),PR1253
1466,Thyroid Function Test,PR1466
473,Complete Blood Count (CBC),PR0473
1266,Kidney Function Test,PR1266
734,Thyroid Function Test,PR0734
1038,Basic Metabolic Panel,PR1038
963,Lipid Panel,PR0963
650,Kidney Function Test,PR0650
367,Liver Function Test,PR0367
306,Basic Metabolic Panel,PR0306
752,Kidney Function Test,PR0752
807,Electrocardiogram (ECG),PR0807
1006,Complete Blood Count (CBC),PR1006
736,Abdominal Ultrasound,PR0736
1517,CT Scan of the Abdomen,PR1517
1274,Lipid Panel,PR1274
1847,Liver Function Test,PR1847
84,Kidney Function Test,PR0084
329,Chest X-Ray,PR0329
1596,Thyroid Function Test,PR1596
856,Kidney Function Test,PR0856
1141,Thyroid Function Test,PR1141
70,Liver Function Test,PR0070
692,Basic Metabolic Panel,PR0692
1462,Basic Metabolic Panel,PR1462
478,Abdominal Ultrasound,PR0478
1630,MRI of the Brain,PR1630
1310,Chest X-Ray,PR1310
333,CT Scan of the Abdomen,PR0333
1916,Chest X-Ray,PR1916
586,Abdominal Ultrasound,PR0586
1380,Abdominal Ultrasound,PR1380
1419,Liver Function Test,PR1419
1960,Electrocardiogram (ECG),PR1960
1540,Thyroid Function Test,PR1540
1287,Electrocardiogram (ECG),PR1287
1369,Abdominal Ultrasound,PR1369
1406,MRI of the Brain,PR1406
1514,Lipid Panel,PR1514
328,Kidney Function Test,PR0328
754,Complete Blood Count (CBC),PR0754
1518,Thyroid Function Test,PR1518
1913,Liver Function Test,PR1913
657,CT Scan of the Abdomen,PR0657
1628,Liver Function Test,PR1628
1860,Lipid Panel,PR1860
1821,Liver Function Test,PR1821
213,Thyroid Function Test,PR0213
1942,Electrocardiogram (ECG),PR1942
1280,Stress Test,PR1280
354,Thyroid Function Test,PR0354
202,Electrocardiogram (ECG),PR0202
527,Basic Metabolic Panel,PR0527
1065,Basic Metabolic Panel,PR1065
55,Basic Metabolic Panel,PR0055
1563,Chest X-Ray,PR1563
818,Complete Blood Count (CBC),PR0818
1400,Basic Metabolic Panel,PR1400
381,Basic Metabolic Panel,PR0381
1050,Stress Test,PR1050
1302,Lipid Panel,PR1302
901,Chest X-Ray,PR0901
848,Thyroid Function Test,PR0848
1964,Liver Function Test,PR1964
1635,Chest X-Ray,PR1635
1087,MRI of the Brain,PR1087
236,Kidney Function Test,PR0236
276,Lipid Panel,PR0276
624,Basic Metabolic Panel,PR0624
1834,Basic Metabolic Panel,PR1834
599,Stress Test,PR0599
229,Basic Metabolic Panel,PR0229
505,Kidney Function Test,PR0505
1991,Electrocardiogram (ECG),PR1991
1252,Stress Test,PR1252
1509,Lipid Panel,PR1509
1937,Kidney Function Test,PR1937
28,CT Scan of the Abdomen,PR0028
710,Abdominal Ultrasound,PR0710
991,Stress Test,PR0991
607,Thyroid Function Test,PR0607
138,CT Scan of the Abdomen,PR0138
1985,Basic Metabolic Panel,PR1985
759,Abdominal Ultrasound,PR0759
1775,Basic Metabolic Panel,PR1775
1385,Lipid Panel,PR1385
1196,Basic Metabolic Panel,PR1196
780,Electrocardiogram (ECG),PR0780
164,Chest X-Ray,PR0164
884,Lipid Panel,PR0884
261,Thyroid Function Test,PR0261
1098,MRI of the Brain,PR1098
1188,Basic Metabolic Panel,PR1188
1965,Abdominal Ultrasound,PR1965
445,MRI of the Brain,PR0445
420,Stress Test,PR0420
1558,Liver Function Test,PR1558
1120,Chest X-Ray,PR1120
91,Liver Function Test,PR0091
1536,Chest X-Ray,PR1536
1662,Lipid Panel,PR1662
554,Stress Test,PR0554
1080,Abdominal Ultrasound,PR1080
235,Abdominal Ultrasound,PR0235
587,Abdominal Ultrasound,PR0587
1523,Basic Metabolic Panel,PR1523
762,MRI of the Brain,PR0762
459,Abdominal Ultrasound,PR0459
632,Chest X-Ray,PR0632
111,Kidney Function Test,PR0111
285,Lipid Panel,PR0285
637,Complete Blood Count (CBC),PR0637
435,Abdominal Ultrasound,PR0435
168,Abdominal Ultrasound,PR0168
178,Chest X-Ray,PR0178
760,Complete Blood Count (CBC),PR0760
1905,Electrocardiogram (ECG),PR1905
57,Stress Test,PR0057
1186,Kidney Function Test,PR1186
1837,CT Scan of the Abdomen,PR1837
227,Basic Metabolic Panel,PR0227
1703,Abdominal Ultrasound,PR1703
1871,Thyroid Function Test,PR1871
1669,Lipid Panel,PR1669
1458,Stress Test,PR1458
1664,Liver Function Test,PR1664
1341,Lipid Panel,PR1341
140,Chest X-Ray,PR0140
1547,Electrocardiogram (ECG),PR1547
385,CT Scan of the Abdomen,PR0385
757,Stress Test,PR0757
409,Abdominal Ultrasound,PR0409
131,Liver Function Test,PR0131
440,Liver Function Test,PR0440
419,Electrocardiogram (ECG),PR0419
406,Liver Function Test,PR0406
1500,Abdominal Ultrasound,PR1500
547,Basic Metabolic Panel,PR0547
668,Complete Blood Count (CBC),PR0668
1440,Stress Test,PR1440
1573,Chest X-Ray,PR1573
1386,Chest X-Ray,PR1386
1133,CT Scan of the Abdomen,PR1133
1490,MRI of the Brain,PR1490
1168,Thyroid Function Test,PR1168
1318,Chest X-Ray,PR1318
1929,Liver Function Test,PR1929
536,Thyroid Function Test,PR0536
156,Abdominal Ultrasound,PR0156
1852,Electrocardiogram (ECG),PR1852
1838,MRI of the Brain,PR1838
1255,Stress Test,PR1255
117,Liver Function Test,PR0117
1485,MRI of the Brain,PR1485
1230,Electrocardiogram (ECG),PR1230
798,Liver Function Test,PR0798
1992,Chest X-Ray,PR1992
693,Kidney Function Test,PR0693
1375,Electrocardiogram (ECG),PR1375
909,Liver Function Test,PR0909
443,Chest X-Ray,PR0443
1993,CT Scan of the Abdomen,PR1993
1135,Abdominal Ultrasound,PR1135
862,Complete Blood Count (CBC),PR0862
1602,Lipid Panel,PR1602
6,Kidney Function Test,PR0006
1674,Lipid Panel,PR1674
943,Basic Metabolic Panel,PR0943
487,Liver Function Test,PR0487
640,Kidney Function Test,PR0640
1840,Electrocardiogram (ECG),PR1840
108,Abdominal Ultrasound,PR0108
1192,Chest X-Ray,PR1192
1949,CT Scan of the Abdomen,PR1949
1163,Kidney Function Test,PR1163
61,MRI of the Brain,PR0061
356,Abdominal Ultrasound,PR0356
1111,Complete Blood Count (CBC),PR1111
1782,Abdominal Ultrasound,PR1782
483,Chest X-Ray,PR0483
1779,MRI of the Brain,PR1779
1000,Thyroid Function Test,PR1000
188,Lipid Panel,PR0188
468,Thyroid Function Test,PR0468
1585,Electrocardiogram (ECG),PR1585
1443,Chest X-Ray,PR1443
1888,Kidney Function Test,PR1888
1589,Kidney Function Test,PR1589
1811,Electrocardiogram (ECG),PR1811
1634,Kidney Function Test,PR1634
211,Chest X-Ray,PR0211
1239,Basic Metabolic Panel,PR1239
585,Abdominal Ultrasound,PR0585
600,Abdominal Ultrasound,PR0600
489,Thyroid Function Test,PR0489
300,Thyroid Function Test,PR0300
708,Kidney Function Test,PR0708
819,CT Scan of the Abdomen,PR0819
118,CT Scan of the Abdomen,PR0118
43,Basic Metabolic Panel,PR0043
1844,Thyroid Function Test,PR1844
679,MRI of the Brain,PR0679
784,Chest X-Ray,PR0784
1749,CT Scan of the Abdomen,PR1749
1329,MRI of the Brain,PR1329
163,Chest X-Ray,PR0163
831,Kidney Function Test,PR0831
1530,Electrocardiogram (ECG),PR1530
422,Kidney Function Test,PR0422
439,Stress Test,PR0439
1296,MRI of the Brain,PR1296
1927,Lipid Panel,PR1927
1941,MRI of the Brain,PR1941
1173,Thyroid Function Test,PR1173
1026,Kidney Function Test,PR1026
10,Electrocardiogram (ECG),PR0010
224,Chest X-Ray,PR0224
1089,Stress Test,PR1089
1969,Electrocardiogram (ECG),PR1969
782,CT Scan of the Abdomen,PR0782
1259,Basic Metabolic Panel,PR1259
1019,Electrocardiogram (ECG),PR1019
1651,Liver Function Test,PR1651
746,Thyroid Function Test,PR0746
377,MRI of the Brain,PR0377
1027,Chest X-Ray,PR1027
1934,MRI of the Brain,PR1934
428,Liver Function Test,PR0428
1005,Lipid Panel,PR1005
820,Electrocardiogram (ECG),PR0820
989,Liver Function Test,PR0989
1423,Electrocardiogram (ECG),PR1423
890,Liver Function Test,PR0890
27,Basic Metabolic Panel,PR0027
1134,Basic Metabolic Panel,PR1134
450,Liver Function Test,PR0450
860,Abdominal Ultrasound,PR0860
1143,Basic Metabolic Panel,PR1143
216,Chest X-Ray,PR0216
933,Thyroid Function Test,PR0933
451,MRI of the Brain,PR0451
1778,MRI of the Brain,PR1778
157,CT Scan of the Abdomen,PR0157
881,Liver Function Test,PR0881
183,CT Scan of the Abdomen,PR0183
559,Kidney Function Test,PR0559
924,CT Scan of the Abdomen,PR0924
885,Chest X-Ray,PR0885
1204,Electrocardiogram (ECG),PR1204
1612,Electrocardiogram (ECG),PR1612
1289,Basic Metabolic Panel,PR1289
1339,Electrocardiogram (ECG),PR1339
457,Chest X-Ray,PR0457
376,CT Scan of the Abdomen,PR0376
215,Thyroid Function Test,PR0215
447,Lipid Panel,PR0447
358,Chest X-Ray,PR0358
1040,Stress Test,PR1040
1999,CT Scan of the Abdomen,PR1999
1052,Basic Metabolic Panel,PR1052
17,CT Scan of the Abdomen,PR0017
1956,CT Scan of the Abdomen,PR1956
593,Liver Function Test,PR0593
1202,Chest X-Ray,PR1202
685,Thyroid Function Test,PR0685
897,Complete Blood Count (CBC),PR0897
99,Thyroid Function Test,PR0099
1767,Electrocardiogram (ECG),PR1767
253,CT Scan of the Abdomen,PR0253
745,Thyroid Function Test,PR0745
444,Chest X-Ray,PR0444
1700,Thyroid Function Test,PR1700
1123,CT Scan of the Abdomen,PR1123
196,Liver Function Test,PR0196
750,Complete Blood Count (CBC),PR0750
315,Complete Blood Count (CBC),PR0315
1203,Basic Metabolic Panel,PR1203
1946,Stress Test,PR1946
1601,Lipid Panel,PR1601
1981,Thyroid Function Test,PR1981
716,Liver Function Test,PR0716
1646,MRI of the Brain,PR1646
1750,Complete Blood Count (CBC),PR1750
591,Lipid Panel,PR0591
82,Lipid Panel,PR0082
49,Abdominal Ultrasound,PR0049
1796,Liver Function Test,PR1796
519,Electrocardiogram (ECG),PR0519
939,Stress Test,PR0939
1624,Complete Blood Count (CBC),PR1624
1486,Complete Blood Count (CBC),PR1486
1670,Kidney Function Test,PR1670
1055,CT Scan of the Abdomen,PR1055
1812,Stress Test,PR1812
1441,Electrocardiogram (ECG),PR1441
1680,Liver Function Test,PR1680
1311,MRI of the Brain,PR1311
135,Thyroid Function Test,PR0135
1046,MRI of the Brain,PR1046
1001,Liver Function Test,PR1001
438,Abdominal Ultrasound,PR0438
1882,Lipid Panel,PR1882
567,Complete Blood Count (CBC),PR0567
1721,Basic Metabolic Panel,PR1721
1166,Chest X-Ray,PR1166
849,Chest X-Ray,PR0849
492,CT Scan of the Abdomen,PR0492
266,Thyroid Function Test,PR0266
387,Abdominal Ultrasound,PR0387
611,Chest X-Ray,PR0611
517,Liver Function Test,PR0517
1300,Stress Test,PR1300
342,Basic Metabolic Panel,PR0342
1886,Thyroid Function Test,PR1886
1442,Basic Metabolic Panel,PR1442
1713,Stress Test,PR1713
1823,Complete Blood Count (CBC),PR1823
1742,Complete Blood Count (CBC),PR1742
1511,Basic Metabolic Panel,PR1511
1146,Kidney Function Test,PR1146
165,Liver Function Test,PR0165
1909,Complete Blood Count (CBC),PR1909
1392,MRI of the Brain,PR1392
1726,MRI of the Brain,PR1726
159,Electrocardiogram (ECG),PR0159
1533,Complete Blood Count (CBC),PR1533
1487,Kidney Function Test,PR1487
323,Thyroid Function Test,PR0323
997,Basic Metabolic Panel,PR0997
719,Kidney Function Test,PR0719
1495,MRI of the Brain,PR1495
1907,CT Scan of the Abdomen,PR1907
1420,Stress Test,PR1420
1036,Chest X-Ray,PR1036
398,Stress Test,PR0398
485,Liver Function Test,PR0485
1926,Complete Blood Count (CBC),PR1926
1286,MRI of the Brain,PR1286
1460,CT Scan of the Abdomen,PR1460
682,Kidney Function Test,PR0682
1214,Lipid Panel,PR1214
1653,Abdominal Ultrasound,PR1653
1718,Basic Metabolic Panel,PR1718
1263,MRI of the Brain,PR1263
511,Lipid Panel,PR0511
990,MRI of the Brain,PR0990
1972,CT Scan of the Abdomen,PR1972
706,Stress Test,PR0706
1242,Complete Blood Count (CBC),PR1242
434,Electrocardiogram (ECG),PR0434
610,Complete Blood Count (CBC),PR0610
1826,Liver Function Test,PR1826
1031,Lipid Panel,PR1031
64,Abdominal Ultrasound,PR0064
133,Abdominal Ultrasound,PR0133
669,Chest X-Ray,PR0669
1322,Kidney Function Test,PR1322
729,Basic Metabolic Panel,PR0729
1356,Liver Function Test,PR1356
1295,CT Scan of the Abdomen,PR1295
1366,Stress Test,PR1366
421,MRI of the Brain,PR0421
1479,Basic Metabolic Panel,PR1479
797,Lipid Panel,PR0797
1692,CT Scan of the Abdomen,PR1692
1737,CT Scan of the Abdomen,PR1737
191,Complete Blood Count (CBC),PR0191
660,MRI of the Brain,PR0660
1723,MRI of the Brain,PR1723
1403,Thyroid Function Test,PR1403
678,Liver Function Test,PR0678
321,Basic Metabolic Panel,PR0321
518,Electrocardiogram (ECG),PR0518
1785,Kidney Function Test,PR1785
788,Complete Blood Count (CBC),PR0788
499,Abdominal Ultrasound,PR0499
1966,Lipid Panel,PR1966
787,Complete Blood Count (CBC),PR0787
1450,Electrocardiogram (ECG),PR1450
940,Lipid Panel,PR0940
1452,Complete Blood Count (CBC),PR1452
76,Chest X-Ray,PR0076
549,Basic Metabolic Panel,PR0549
1272,Basic Metabolic Panel,PR1272
476,Electrocardiogram (ECG),PR0476
1697,Lipid Panel,PR1697
242,MRI of the Brain,PR0242
1334,Complete Blood Count (CBC),PR1334
1705,Complete Blood Count (CBC),PR1705
417,Kidney Function Test,PR0417
1424,Thyroid Function Test,PR1424
903,Kidney Function Test,PR0903
222,Abdominal Ultrasound,PR0222
1076,Electrocardiogram (ECG),PR1076
1415,Kidney Function Test,PR1415
1799,Complete Blood Count (CBC),PR1799
1979,Lipid Panel,PR1979
180,Liver Function Test,PR0180
888,Liver Function Test,PR0888
1091,Kidney Function Test,PR1091
965,Liver Function Test,PR0965
1771,Lipid Panel,PR1771
919,Chest X-Ray,PR0919
437,Chest X-Ray,PR0437
154,CT Scan of the Abdomen,PR0154
1306,CT Scan of the Abdomen,PR1306
1943,Abdominal Ultrasound,PR1943
1208,Abdominal Ultrasound,PR1208
1063,Stress Test,PR1063
16,Abdominal Ultrasound,PR0016
1447,CT Scan of the Abdomen,PR1447
1527,Lipid Panel,PR1527
1344,Chest X-Ray,PR1344
1683,Abdominal Ultrasound,PR1683
490,Stress Test,PR0490
709,MRI of the Brain,PR0709
1223,MRI of the Brain,PR1223
1074,Chest X-Ray,PR1074
279,Abdominal Ultrasound,PR0279
143,Chest X-Ray,PR0143
286,Basic Metabolic Panel,PR0286
1861,CT Scan of the Abdomen,PR1861
582,Electrocardiogram (ECG),PR0582
334,Abdominal Ultrasound,PR0334
898,Electrocardiogram (ECG),PR0898
1096,Lipid Panel,PR1096
1577,Electrocardiogram (ECG),PR1577
349,Chest X-Ray,PR0349
452,Complete Blood Count (CBC),PR0452
1976,Chest X-Ray,PR1976
967,Kidney Function Test,PR0967
689,Abdominal Ultrasound,PR0689
1218,Thyroid Function Test,PR1218
463,Liver Function Test,PR0463
761,MRI of the Brain,PR0761
1578,Lipid Panel,PR1578
829,Basic Metabolic Panel,PR0829
308,Stress Test,PR0308
1695,Electrocardiogram (ECG),PR1695
371,Liver Function Test,PR0371
272,CT Scan of the Abdomen,PR0272
1177,Stress Test,PR1177
325,Complete Blood Count (CBC),PR0325
1746,Complete Blood Count (CBC),PR1746
232,Abdominal Ultrasound,PR0232
651,Lipid Panel,PR0651
477,Thyroid Function Test,PR0477
1210,Chest X-Ray,PR1210
1075,Abdominal Ultrasound,PR1075
208,MRI of the Brain,PR0208
596,Liver Function Test,PR0596
1712,Electrocardiogram (ECG),PR1712
1963,Thyroid Function Test,PR1963
338,Abdominal Ultrasound,PR0338
1521,Lipid Panel,PR1521
644,MRI of the Brain,PR0644
210,Complete Blood Count (CBC),PR0210
1787,Thyroid Function Test,PR1787
1102,Stress Test,PR1102
987,MRI of the Brain,PR0987
1396,Thyroid Function Test,PR1396
390,MRI of the Brain,PR0390
846,Kidney Function Test,PR0846
672,Chest X-Ray,PR0672
226,Thyroid Function Test,PR0226
75,Complete Blood Count (CBC),PR0075
102,Chest X-Ray,PR0102
1911,Liver Function Test,PR1911
383,Electrocardiogram (ECG),PR0383
937,Electrocardiogram (ECG),PR0937
1832,MRI of the Brain,PR1832
1112,Lipid Panel,PR1112
1633,Lipid Panel,PR1633
1325,Basic Metabolic Panel,PR1325
1945,Kidney Function Test,PR1945
179,Complete Blood Count (CBC),PR0179
1921,Basic Metabolic Panel,PR1921
374,Thyroid Function Test,PR0374
1292,Liver Function Test,PR1292
1990,Lipid Panel,PR1990
1254,Kidney Function Test,PR1254
1608,Lipid Panel,PR1608
1444,Lipid Panel,PR1444
1179,Abdominal Ultrasound,PR1179
1600,Electrocardiogram (ECG),PR1600
1496,Chest X-Ray,PR1496
608,CT Scan of the Abdomen,PR0608
1900,Liver Function Test,PR1900
1068,Thyroid Function Test,PR1068
656,Basic Metabolic Panel,PR0656
1205,Complete Blood Count (CBC),PR1205
1807,Complete Blood Count (CBC),PR1807
857,Basic Metabolic Panel,PR0857
1919,Thyroid Function Test,PR1919
1944,Lipid Panel,PR1944
416,Chest X-Ray,PR0416
1717,Thyroid Function Test,PR1717
11,CT Scan of the Abdomen,PR0011
695,Liver Function Test,PR0695
35,Complete Blood Count (CBC),PR0035
1278,Kidney Function Test,PR1278
1987,Electrocardiogram (ECG),PR1987
728,Thyroid Function Test,PR0728
47,Thyroid Function Test,PR0047
1043,Stress Test,PR1043
755,Stress Test,PR0755
1327,MRI of the Brain,PR1327
1095,Chest X-Ray,PR1095
1398,Liver Function Test,PR1398
1806,Liver Function Test,PR1806
134,Thyroid Function Test,PR0134
86,Chest X-Ray,PR0086
589,Stress Test,PR0589
1269,MRI of the Brain,PR1269
1456,Thyroid Function Test,PR1456
1735,Liver Function Test,PR1735
151,Complete Blood Count (CBC),PR0151
786,Liver Function Test,PR0786
1690,Lipid Panel,PR1690
1483,Electrocardiogram (ECG),PR1483
1198,Basic Metabolic Panel,PR1198
1394,Chest X-Ray,PR1394
1244,Kidney Function Test,PR1244
1768,Complete Blood Count (CBC),PR1768
1677,Stress Test,PR1677
1968,Electrocardiogram (ECG),PR1968
852,Kidney Function Test,PR0852
48,Electrocardiogram (ECG),PR0048
350,Abdominal Ultrasound,PR0350
713,Thyroid Function Test,PR0713
375,Chest X-Ray,PR0375
1855,Chest X-Ray,PR1855
661,Thyroid Function Test,PR0661
1070,Electrocardiogram (ECG),PR1070
1774,Basic Metabolic Panel,PR1774
1190,MRI of the Brain,PR1190
996,Liver Function Test,PR0996
1658,MRI of the Brain,PR1658
1727,MRI of the Brain,PR1727
1889,Lipid Panel,PR1889
525,Lipid Panel,PR0525
430,Liver Function Test,PR0430
715,Basic Metabolic Panel,PR0715
299,CT Scan of the Abdomen,PR0299
1618,Basic Metabolic Panel,PR1618
446,Kidney Function Test,PR0446
172,Lipid Panel,PR0172
302,Basic Metabolic Panel,PR0302
1647,Basic Metabolic Panel,PR1647
1524,Basic Metabolic Panel,PR1524
1489,MRI of the Brain,PR1489
2000,Abdominal Ultrasound,PR2000
649,Thyroid Function Test,PR0649
30,Basic Metabolic Panel,PR0030
1355,CT Scan of the Abdomen,PR1355
552,Abdominal Ultrasound,PR0552
1851,Electrocardiogram (ECG),PR1851
926,Basic Metabolic Panel,PR0926
1409,Thyroid Function Test,PR1409
1584,Lipid Panel,PR1584
702,Lipid Panel,PR0702
1171,CT Scan of the Abdomen,PR1171
400,Electrocardiogram (ECG),PR0400
1421,MRI of the Brain,PR1421
1665,Thyroid Function Test,PR1665
1733,Thyroid Function Test,PR1733
303,Liver Function Test,PR0303
335,Basic Metabolic Panel,PR0335
307,CT Scan of the Abdomen,PR0307
845,Lipid Panel,PR0845
245,MRI of the Brain,PR0245
1083,Electrocardiogram (ECG),PR1083
1897,Complete Blood Count (CBC),PR1897
1637,Liver Function Test,PR1637
941,Abdominal Ultrasound,PR0941
1761,Chest X-Ray,PR1761
866,Kidney Function Test,PR0866
309,Chest X-Ray,PR0309
1332,MRI of the Brain,PR1332
1722,Basic Metabolic Panel,PR1722
983,Kidney Function Test,PR0983
854,Electrocardiogram (ECG),PR0854
647,Electrocardiogram (ECG),PR0647
1797,Abdominal Ultrasound,PR1797
803,CT Scan of the Abdomen,PR0803
465,Lipid Panel,PR0465
576,Kidney Function Test,PR0576
258,Chest X-Ray,PR0258
98,Chest X-Ray,PR0098
60,Chest X-Ray,PR0060
301,Complete Blood Count (CBC),PR0301
1187,Kidney Function Test,PR1187
52,CT Scan of the Abdomen,PR0052
155,Stress Test,PR0155
1227,Kidney Function Test,PR1227
568,MRI of the Brain,PR0568
756,Chest X-Ray,PR0756
1158,MRI of the Brain,PR1158
18,Lipid Panel,PR0018
832,Thyroid Function Test,PR0832
1652,Chest X-Ray,PR1652
501,Basic Metabolic Panel,PR0501
175,Basic Metabolic Panel,PR0175
1077,Liver Function Test,PR1077
532,Electrocardiogram (ECG),PR0532
1418,Complete Blood Count (CBC),PR1418
666,MRI of the Brain,PR0666
667,Lipid Panel,PR0667
1622,MRI of the Brain,PR1622
512,Kidney Function Test,PR0512
1232,Abdominal Ultrasound,PR1232
534,MRI of the Brain,PR0534
368,Basic Metabolic Panel,PR0368
1315,Lipid Panel,PR1315
1140,Chest X-Ray,PR1140
1035,Basic Metabolic Panel,PR1035
250,Kidney Function Test,PR0250
1800,Basic Metabolic Panel,PR1800
1101,MRI of the Brain,PR1101
1156,Thyroid Function Test,PR1156
1467,Complete Blood Count (CBC),PR1467
1116,Abdominal Ultrasound,PR1116
203,Chest X-Ray,PR0203
389,Liver Function Test,PR0389
1428,Electrocardiogram (ECG),PR1428
1918,Kidney Function Test,PR1918
1654,CT Scan of the Abdomen,PR1654
1359,Kidney Function Test,PR1359
347,Abdominal Ultrasound,PR0347
379,Electrocardiogram (ECG),PR0379
456,Kidney Function Test,PR0456
197,Basic Metabolic Panel,PR0197
842,MRI of the Brain,PR0842
1328,Complete Blood Count (CBC),PR1328
574,MRI of the Brain,PR0574
540,Lipid Panel,PR0540
912,Complete Blood Count (CBC),PR0912
1025,Chest X-Ray,PR1025
510,Electrocardiogram (ECG),PR0510
275,Chest X-Ray,PR0275
911,Electrocardiogram (ECG),PR0911
1481,Liver Function Test,PR1481
1736,Thyroid Function Test,PR1736
1213,Thyroid Function Test,PR1213
1641,Chest X-Ray,PR1641
317,CT Scan of the Abdomen,PR0317
